{
  "project_info": {
    "project_number": "44503271585",
    "project_id": "assignment4-73271",
    "storage_bucket": "assignment4-73271.firebasestorage.app"
  },
  "client": [
    {
      "client_info": {
        "mobilesdk_app_id": "1:44503271585:android:0353e2329f28f1d1df48e0",
        "android_client_info": {
          "package_name": "com.example.assignment_4"
        }
      },
      "oauth_client": [],
      "api_key": [
        {
          "current_key": "AIzaSyCyN3mPRykQvDgKwdrF_NOyVfTN0t-Lm34"
        }
      ],
      "services": {
        "appinvite_service": {
          "other_platform_oauth_client": []
        }
      }
    }
  ],
  "configuration_version": "1"
}